[
  {
    "title":"Product Title Lorem Ipsum",
    "name":"James Doe",
    "phone":"123-456-7890",
    "product":"Product Title Lorem Ipsum",
    "funding":"High"
  },
  {
    "title":"Product Title Lorem Ipsum",
    "name":"James Doe",
    "phone":"123-456-7890",
    "product":"Product Title Lorem Ipsum",
    "funding":"High"
  },
  {
    "title":"Product Title Lorem Ipsum",
    "name":"James Doe",
    "phone":"123-456-7890",
    "product":"Product Title Lorem Ipsum",
    "funding":"High"
  },
  {
    "title":"Product Title Lorem Ipsum",
    "name":"James Doe",
    "phone":"123-456-7890",
    "product":"Product Title Lorem Ipsum",
    "funding":"High"
  },
  {
    "title":"Product Title Lorem Ipsum",
    "name":"James Doe",
    "phone":"123-456-7890",
    "product":"Product Title Lorem Ipsum",
    "funding":"High"
  },
  {
    "title":"Product Title Lorem Ipsum",
    "name":"James Doe",
    "phone":"123-456-7890",
    "product":"Product Title Lorem Ipsum",
    "funding":"High"
  },
  {
    "title":"Product Title Lorem Ipsum",
    "name":"James Doe",
    "phone":"123-456-7890",
    "product":"Product Title Lorem Ipsum",
    "funding":"High"
  }
]