[
  {
    "name":"John Doe",
    "code":"JD"
  },
  {
    "name":"Merry Doe",
    "code":"MD"
  },
  {
    "name":"Selly Doe",
    "code":"SD"
  },
  {
    "name":"Aron Doe",
    "code":"AD"
  },
  {
    "name":"Irene Doe",
    "code":"ID"
  },
  {
    "name":"Steve Doe",
    "code":"SD"
  },
  {
    "name":"John Doe",
    "code":"JD"
  },
  {
    "name":"Merry Doe",
    "code":"MD"
  },
  {
    "name":"Selly Doe",
    "code":"SD"
  },
  {
    "name":"Aron Doe",
    "code":"AD"
  },
  {
    "name":"Irene Doe",
    "code":"ID"
  },
  {
    "name":"Steve Doe",
    "code":"SD"
  },
  {
    "name":"John Doe",
    "code":"JD"
  },
  {
    "name":"Merry Doe",
    "code":"MD"
  },
  {
    "name":"Selly Doe",
    "code":"SD"
  },
  {
    "name":"Aron Doe",
    "code":"AD"
  },
  {
    "name":"Irene Doe",
    "code":"ID"
  },
  {
    "name":"Steve Doe",
    "code":"SD"
  }
]